
--
-- PostgreSQL database dump
--

-- Dumped from database version 12.9 (Ubuntu 12.9-2.pgdg20.04+1)
-- Dumped by pg_dump version 12.9 (Ubuntu 12.9-2.pgdg20.04+1)

SET statement_timeout = 0;
SET lock_timeout = 0;
SET idle_in_transaction_session_timeout = 0;
SET client_encoding = 'UTF8';
SET standard_conforming_strings = on;
SELECT pg_catalog.set_config('search_path', '', false);
SET check_function_bodies = false;
SET xmloption = content;
SET client_min_messages = warning;
SET row_security = off;

DROP DATABASE universe;
--
-- Name: universe; Type: DATABASE; Schema: -; Owner: freecodecamp
--

CREATE DATABASE universe WITH TEMPLATE = template0 ENCODING = 'UTF8' LC_COLLATE = 'C.UTF-8' LC_CTYPE = 'C.UTF-8';


ALTER DATABASE universe OWNER TO freecodecamp;

\connect universe

SET statement_timeout = 0;
SET lock_timeout = 0;
SET idle_in_transaction_session_timeout = 0;
SET client_encoding = 'UTF8';
SET standard_conforming_strings = on;
SELECT pg_catalog.set_config('search_path', '', false);
SET check_function_bodies = false;
SET xmloption = content;
SET client_min_messages = warning;
SET row_security = off;

SET default_tablespace = '';

SET default_table_access_method = heap;

--
-- Name: galaxy; Type: TABLE; Schema: public; Owner: freecodecamp
--

CREATE TABLE public.galaxy (
    galaxy_id integer NOT NULL,
    name character varying(20),
    year_discovered integer NOT NULL,
    is_big boolean,
    shape character varying(20)
);


ALTER TABLE public.galaxy OWNER TO freecodecamp;

--
-- Name: galaxy_galaxy_id_seq; Type: SEQUENCE; Schema: public; Owner: freecodecamp
--

CREATE SEQUENCE public.galaxy_galaxy_id_seq
    AS integer
    START WITH 1
    INCREMENT BY 1
    NO MINVALUE
    NO MAXVALUE
    CACHE 1;


ALTER TABLE public.galaxy_galaxy_id_seq OWNER TO freecodecamp;

--
-- Name: galaxy_galaxy_id_seq; Type: SEQUENCE OWNED BY; Schema: public; Owner: freecodecamp
--

ALTER SEQUENCE public.galaxy_galaxy_id_seq OWNED BY public.galaxy.galaxy_id;


--
-- Name: moon; Type: TABLE; Schema: public; Owner: freecodecamp
--

CREATE TABLE public.moon (
    moon_id integer NOT NULL,
    name character varying(20) NOT NULL,
    planet_id integer,
    is_visited boolean,
    is_fast boolean
);


ALTER TABLE public.moon OWNER TO freecodecamp;

--
-- Name: moon_info; Type: TABLE; Schema: public; Owner: freecodecamp
--

CREATE TABLE public.moon_info (
    distance_from_earth numeric(10,2),
    has_life boolean NOT NULL,
    wiki_link text,
    moon_info_id integer NOT NULL,
    name character varying(20)
);


ALTER TABLE public.moon_info OWNER TO freecodecamp;

--
-- Name: moon_info_moon_info_id_seq; Type: SEQUENCE; Schema: public; Owner: freecodecamp
--

CREATE SEQUENCE public.moon_info_moon_info_id_seq
    AS integer
    START WITH 1
    INCREMENT BY 1
    NO MINVALUE
    NO MAXVALUE
    CACHE 1;


ALTER TABLE public.moon_info_moon_info_id_seq OWNER TO freecodecamp;

--
-- Name: moon_info_moon_info_id_seq; Type: SEQUENCE OWNED BY; Schema: public; Owner: freecodecamp
--

ALTER SEQUENCE public.moon_info_moon_info_id_seq OWNED BY public.moon_info.moon_info_id;


--
-- Name: moon_moon_id_seq; Type: SEQUENCE; Schema: public; Owner: freecodecamp
--

CREATE SEQUENCE public.moon_moon_id_seq
    AS integer
    START WITH 1
    INCREMENT BY 1
    NO MINVALUE
    NO MAXVALUE
    CACHE 1;


ALTER TABLE public.moon_moon_id_seq OWNER TO freecodecamp;

--
-- Name: moon_moon_id_seq; Type: SEQUENCE OWNED BY; Schema: public; Owner: freecodecamp
--

ALTER SEQUENCE public.moon_moon_id_seq OWNED BY public.moon.moon_id;


--
-- Name: planet; Type: TABLE; Schema: public; Owner: freecodecamp
--

CREATE TABLE public.planet (
    planet_id integer NOT NULL,
    name character varying(20) NOT NULL,
    star_id integer,
    orgits_sun_in_days integer,
    has_life boolean
);


ALTER TABLE public.planet OWNER TO freecodecamp;

--
-- Name: planet_planet_id_seq; Type: SEQUENCE; Schema: public; Owner: freecodecamp
--

CREATE SEQUENCE public.planet_planet_id_seq
    AS integer
    START WITH 1
    INCREMENT BY 1
    NO MINVALUE
    NO MAXVALUE
    CACHE 1;


ALTER TABLE public.planet_planet_id_seq OWNER TO freecodecamp;

--
-- Name: planet_planet_id_seq; Type: SEQUENCE OWNED BY; Schema: public; Owner: freecodecamp
--

ALTER SEQUENCE public.planet_planet_id_seq OWNED BY public.planet.planet_id;


--
-- Name: star; Type: TABLE; Schema: public; Owner: freecodecamp
--

CREATE TABLE public.star (
    star_id integer NOT NULL,
    name character varying(20),
    galaxy_id integer,
    magnitude integer NOT NULL,
    is_shiny boolean,
    is_visited boolean
);


ALTER TABLE public.star OWNER TO freecodecamp;

--
-- Name: star_star_id_seq; Type: SEQUENCE; Schema: public; Owner: freecodecamp
--

CREATE SEQUENCE public.star_star_id_seq
    AS integer
    START WITH 1
    INCREMENT BY 1
    NO MINVALUE
    NO MAXVALUE
    CACHE 1;


ALTER TABLE public.star_star_id_seq OWNER TO freecodecamp;

--
-- Name: star_star_id_seq; Type: SEQUENCE OWNED BY; Schema: public; Owner: freecodecamp
--

ALTER SEQUENCE public.star_star_id_seq OWNED BY public.star.star_id;


--
-- Name: galaxy galaxy_id; Type: DEFAULT; Schema: public; Owner: freecodecamp
--

ALTER TABLE ONLY public.galaxy ALTER COLUMN galaxy_id SET DEFAULT nextval('public.galaxy_galaxy_id_seq'::regclass);


--
-- Name: moon moon_id; Type: DEFAULT; Schema: public; Owner: freecodecamp
--

ALTER TABLE ONLY public.moon ALTER COLUMN moon_id SET DEFAULT nextval('public.moon_moon_id_seq'::regclass);


--
-- Name: moon_info moon_info_id; Type: DEFAULT; Schema: public; Owner: freecodecamp
--

ALTER TABLE ONLY public.moon_info ALTER COLUMN moon_info_id SET DEFAULT nextval('public.moon_info_moon_info_id_seq'::regclass);


--
-- Name: planet planet_id; Type: DEFAULT; Schema: public; Owner: freecodecamp
--

ALTER TABLE ONLY public.planet ALTER COLUMN planet_id SET DEFAULT nextval('public.planet_planet_id_seq'::regclass);


--
-- Name: star star_id; Type: DEFAULT; Schema: public; Owner: freecodecamp
--

ALTER TABLE ONLY public.star ALTER COLUMN star_id SET DEFAULT nextval('public.star_star_id_seq'::regclass);


--
-- Data for Name: galaxy; Type: TABLE DATA; Schema: public; Owner: freecodecamp
--

INSERT INTO public.galaxy VALUES (1, 'a', 2019, NULL, NULL);
INSERT INTO public.galaxy VALUES (2, 'b', 2019, NULL, NULL);
INSERT INTO public.galaxy VALUES (3, 'c', 2019, NULL, NULL);
INSERT INTO public.galaxy VALUES (4, 'd', 2019, NULL, NULL);
INSERT INTO public.galaxy VALUES (5, 'e', 2019, NULL, NULL);
INSERT INTO public.galaxy VALUES (6, 'f', 2019, NULL, NULL);


--
-- Data for Name: moon; Type: TABLE DATA; Schema: public; Owner: freecodecamp
--

INSERT INTO public.moon VALUES (1, 'a', 1, NULL, NULL);
INSERT INTO public.moon VALUES (2, 'b', 2, NULL, NULL);
INSERT INTO public.moon VALUES (3, 'c', 3, NULL, NULL);
INSERT INTO public.moon VALUES (4, 'd', 4, NULL, NULL);
INSERT INTO public.moon VALUES (5, 'e', 5, NULL, NULL);
INSERT INTO public.moon VALUES (6, 'f', 6, NULL, NULL);
INSERT INTO public.moon VALUES (7, 'g', 1, NULL, NULL);
INSERT INTO public.moon VALUES (8, 'h', 2, NULL, NULL);
INSERT INTO public.moon VALUES (9, 'j', 3, NULL, NULL);
INSERT INTO public.moon VALUES (10, 'k', 4, NULL, NULL);
INSERT INTO public.moon VALUES (11, 'es', 5, NULL, NULL);
INSERT INTO public.moon VALUES (12, 'fe', 6, NULL, NULL);
INSERT INTO public.moon VALUES (13, 'gr', 1, NULL, NULL);
INSERT INTO public.moon VALUES (14, 'wh', 2, NULL, NULL);
INSERT INTO public.moon VALUES (15, 'jd', 3, NULL, NULL);
INSERT INTO public.moon VALUES (16, 'ka', 4, NULL, NULL);
INSERT INTO public.moon VALUES (17, 'ess', 5, NULL, NULL);
INSERT INTO public.moon VALUES (18, 'fes', 6, NULL, NULL);
INSERT INTO public.moon VALUES (19, 'gnr', 1, NULL, NULL);
INSERT INTO public.moon VALUES (20, 'bwh', 2, NULL, NULL);
INSERT INTO public.moon VALUES (21, 'jfd', 3, NULL, NULL);
INSERT INTO public.moon VALUES (22, 'kaa', 4, NULL, NULL);


--
-- Data for Name: moon_info; Type: TABLE DATA; Schema: public; Owner: freecodecamp
--

INSERT INTO public.moon_info VALUES (NULL, false, NULL, 1, 'a');
INSERT INTO public.moon_info VALUES (NULL, false, NULL, 2, 'b');
INSERT INTO public.moon_info VALUES (NULL, false, NULL, 3, 'c');
INSERT INTO public.moon_info VALUES (NULL, true, NULL, 4, 'd');
INSERT INTO public.moon_info VALUES (NULL, true, NULL, 5, 'e');
INSERT INTO public.moon_info VALUES (NULL, true, NULL, 6, 'f');


--
-- Data for Name: planet; Type: TABLE DATA; Schema: public; Owner: freecodecamp
--

INSERT INTO public.planet VALUES (1, 'a', 1, NULL, NULL);
INSERT INTO public.planet VALUES (2, 'b', 2, NULL, NULL);
INSERT INTO public.planet VALUES (3, 'c', 3, NULL, NULL);
INSERT INTO public.planet VALUES (4, 'd', 4, NULL, NULL);
INSERT INTO public.planet VALUES (5, 'e', 5, NULL, NULL);
INSERT INTO public.planet VALUES (6, 'f', 6, NULL, NULL);
INSERT INTO public.planet VALUES (10, 'g', 1, NULL, NULL);
INSERT INTO public.planet VALUES (11, 'h', 2, NULL, NULL);
INSERT INTO public.planet VALUES (12, 'n', 3, NULL, NULL);
INSERT INTO public.planet VALUES (13, 'k', 4, NULL, NULL);
INSERT INTO public.planet VALUES (14, 'l', 5, NULL, NULL);
INSERT INTO public.planet VALUES (15, 'm', 6, NULL, NULL);


--
-- Data for Name: star; Type: TABLE DATA; Schema: public; Owner: freecodecamp
--

INSERT INTO public.star VALUES (1, 'a', 1, 1, NULL, NULL);
INSERT INTO public.star VALUES (2, 'b', 2, 2, NULL, NULL);
INSERT INTO public.star VALUES (3, 'c', 3, 3, NULL, NULL);
INSERT INTO public.star VALUES (4, 'd', 4, 4, NULL, NULL);
INSERT INTO public.star VALUES (5, 'e', 5, 5, NULL, NULL);
INSERT INTO public.star VALUES (6, 'f', 6, 6, NULL, NULL);


--
-- Name: galaxy_galaxy_id_seq; Type: SEQUENCE SET; Schema: public; Owner: freecodecamp
--

SELECT pg_catalog.setval('public.galaxy_galaxy_id_seq', 6, true);


--
-- Name: moon_info_moon_info_id_seq; Type: SEQUENCE SET; Schema: public; Owner: freecodecamp
--

SELECT pg_catalog.setval('public.moon_info_moon_info_id_seq', 6, true);


--
-- Name: moon_moon_id_seq; Type: SEQUENCE SET; Schema: public; Owner: freecodecamp
--

SELECT pg_catalog.setval('public.moon_moon_id_seq', 22, true);


--
-- Name: planet_planet_id_seq; Type: SEQUENCE SET; Schema: public; Owner: freecodecamp
--

SELECT pg_catalog.setval('public.planet_planet_id_seq', 15, true);


--
-- Name: star_star_id_seq; Type: SEQUENCE SET; Schema: public; Owner: freecodecamp
--

SELECT pg_catalog.setval('public.star_star_id_seq', 6, true);


--
-- Name: galaxy galaxy_name_key; Type: CONSTRAINT; Schema: public; Owner: freecodecamp
--

ALTER TABLE ONLY public.galaxy
    ADD CONSTRAINT galaxy_name_key UNIQUE (name);


--
-- Name: galaxy galaxy_pkey; Type: CONSTRAINT; Schema: public; Owner: freecodecamp
--

ALTER TABLE ONLY public.galaxy
    ADD CONSTRAINT galaxy_pkey PRIMARY KEY (galaxy_id);


--
-- Name: moon_info moon_info_name_key; Type: CONSTRAINT; Schema: public; Owner: freecodecamp
--

ALTER TABLE ONLY public.moon_info
    ADD CONSTRAINT moon_info_name_key UNIQUE (name);


--
-- Name: moon_info moon_info_pkey; Type: CONSTRAINT; Schema: public; Owner: freecodecamp
--

ALTER TABLE ONLY public.moon_info
    ADD CONSTRAINT moon_info_pkey PRIMARY KEY (moon_info_id);


--
-- Name: moon moon_name_key; Type: CONSTRAINT; Schema: public; Owner: freecodecamp
--

ALTER TABLE ONLY public.moon
    ADD CONSTRAINT moon_name_key UNIQUE (name);


--
-- Name: moon moon_pkey; Type: CONSTRAINT; Schema: public; Owner: freecodecamp
--

ALTER TABLE ONLY public.moon
    ADD CONSTRAINT moon_pkey PRIMARY KEY (moon_id);


--
-- Name: moon_info numbers_info_distance_from_earth_key; Type: CONSTRAINT; Schema: public; Owner: freecodecamp
--

ALTER TABLE ONLY public.moon_info
    ADD CONSTRAINT numbers_info_distance_from_earth_key UNIQUE (distance_from_earth);


--
-- Name: planet planet_name_key; Type: CONSTRAINT; Schema: public; Owner: freecodecamp
--

ALTER TABLE ONLY public.planet
    ADD CONSTRAINT planet_name_key UNIQUE (name);


--
-- Name: planet planet_pkey; Type: CONSTRAINT; Schema: public; Owner: freecodecamp
--

ALTER TABLE ONLY public.planet
    ADD CONSTRAINT planet_pkey PRIMARY KEY (planet_id);


--
-- Name: star star_name_key; Type: CONSTRAINT; Schema: public; Owner: freecodecamp
--

ALTER TABLE ONLY public.star
    ADD CONSTRAINT star_name_key UNIQUE (name);


--
-- Name: star star_pkey; Type: CONSTRAINT; Schema: public; Owner: freecodecamp
--

ALTER TABLE ONLY public.star
    ADD CONSTRAINT star_pkey PRIMARY KEY (star_id);


--
-- Name: moon_info moon_info_name_fkey; Type: FK CONSTRAINT; Schema: public; Owner: freecodecamp
--

ALTER TABLE ONLY public.moon_info
    ADD CONSTRAINT moon_info_name_fkey FOREIGN KEY (name) REFERENCES public.moon(name);


--
-- Name: moon moon_planet_id_fkey; Type: FK CONSTRAINT; Schema: public; Owner: freecodecamp
--

ALTER TABLE ONLY public.moon
    ADD CONSTRAINT moon_planet_id_fkey FOREIGN KEY (planet_id) REFERENCES public.planet(planet_id);


--
-- Name: planet planet_star_id_fkey; Type: FK CONSTRAINT; Schema: public; Owner: freecodecamp
--

ALTER TABLE ONLY public.planet
    ADD CONSTRAINT planet_star_id_fkey FOREIGN KEY (star_id) REFERENCES public.star(star_id);


--
-- Name: star star_galaxy_id_fkey; Type: FK CONSTRAINT; Schema: public; Owner: freecodecamp
--

ALTER TABLE ONLY public.star
    ADD CONSTRAINT star_galaxy_id_fkey FOREIGN KEY (galaxy_id) REFERENCES public.galaxy(galaxy_id);


--
-- PostgreSQL database dump complete
--

